"Company","Ticker","Sector","Sub-sector"
"Apple Inc.","AAPL","Information Technology","Technology Hardware, Storage & Peripherals"
"Microsoft Corporation","MSFT","Information Technology","Systems Software"
"Amazon.com Inc.","AMZN","Consumer Discretionary","Internet & Direct Marketing Retail"
"Tesla Inc","TSLA","Consumer Discretionary","Automobile Manufacturers"
"Facebook Inc. Class A","FB","Communication Services","Interactive Media & Services"
"Alphabet Inc. Class A","GOOGL","Communication Services","Interactive Media & Services"
"Berkshire Hathaway Inc. Class B","BRK.B","Financials","Multi-Sector Holdings"
"Johnson & Johnson","JNJ","Health Care","Pharmaceuticals"
"JPMorgan Chase & Co.","JPM","Financials","Diversified Banks"
"Visa Inc. Class A","V","Information Technology","Data Processing & Outsourced Services"
"NVIDIA Corporation","NVDA","Information Technology","Semiconductors"
"Procter & Gamble Company","PG","Consumer Staples","Personal Products"
"UnitedHealth Group Incorporated","UNH","Health Care","Managed Health Care"
"Walt Disney Company","DIS","Communication Services","Movies & Entertainment"
"Home Depot Inc.","HD","Consumer Discretionary","Home Improvement Retail"
"PayPal Holdings Inc","PYPL","Information Technology","Data Processing & Outsourced Services"
"Mastercard Incorporated Class A","MA","Information Technology","Data Processing & Outsourced Services"
"Netflix Inc.","NFLX","Communication Services","Movies & Entertainment"
"Intel Corporation","INTC","Information Technology","Semiconductors"
"Comcast Corporation Class A","CMCSA","Communication Services","Cable & Satellite"
"Bank of America Corp","BAC","Financials","Diversified Banks"
"Adobe Inc.","ADBE","Information Technology","Application Software"
"Verizon Communications Inc.","VZ","Communication Services","Integrated Telecommunication Services"
"Abbott Laboratories","ABT","Health Care","Health Care Equipment"
"salesforce.com inc.","CRM","Information Technology","Application Software"
"Thermo Fisher Scientific Inc.","TMO","Health Care","Life Sciences Tools & Services"
"AT&T Inc.","T","Communication Services","Integrated Telecommunication Services"
"Pfizer Inc.","PFE","Health Care","Pharmaceuticals"
"Merck & Co. Inc.","MRK","Health Care","Pharmaceuticals"
"Walmart Inc.","WMT","Consumer Staples","Hypermarkets & Super Centers"
"Cisco Systems Inc.","CSCO","Information Technology","Communications Equipment"
"Exxon Mobil Corporation","XOM","Energy","Integrated Oil & Gas"
"PepsiCo Inc.","PEP","Consumer Staples","Soft Drinks"
"Broadcom Inc.","AVGO","Information Technology","Semiconductors"
"Coca-Cola Company","KO","Consumer Staples","Soft Drinks"
"Qualcomm Inc","QCOM","Information Technology","Semiconductors"
"AbbVie Inc.","ABBV","Health Care","Pharmaceuticals"
"NIKE Inc. Class B","NKE","Consumer Discretionary","Apparel, Accessories & Luxury Goods"
"Chevron Corporation","CVX","Energy","Integrated Oil & Gas"
"Eli Lilly and Company","LLY","Health Care","Pharmaceuticals"
"NextEra Energy Inc.","NEE","Utilities","Multi-Utilities"
"Texas Instruments Incorporated","TXN","Information Technology","Semiconductors"
"Accenture Plc Class A","ACN","Information Technology","IT Consulting & Other Services"
"McDonald's Corporation","MCD","Consumer Discretionary","Restaurants"
"Costco Wholesale Corporation","COST","Consumer Staples","Hypermarkets & Super Centers"
"Danaher Corporation","DHR","Health Care","Health Care Equipment"
"Medtronic Plc","MDT","Health Care","Health Care Equipment"
"Bristol-Myers Squibb Company","BMY","Health Care","Health Care Distributors"
"Amgen Inc.","AMGN","Health Care","Biotechnology"
"Honeywell International Inc.","HON","Industrials","Industrial Conglomerates"
"Union Pacific Corporation","UNP","Industrials","Railroads"
"Linde plc","LIN","Materials","Industrial Gases"
"Wells Fargo & Company","WFC","Financials","Diversified Banks"
"Philip Morris International Inc.","PM","Consumer Staples","Tobacco"
"Citigroup Inc.","C","Financials","Diversified Banks"
"Lowe's Companies Inc.","LOW","Consumer Discretionary","Home Improvement Retail"
"Oracle Corporation","ORCL","Information Technology","Application Software"
"Starbucks Corporation","SBUX","Consumer Discretionary","Restaurants"
"United Parcel Service Inc. Class B","UPS","Industrials","Air Freight & Logistics"
"ServiceNow Inc.","NOW","Information Technology","Systems Software"
"International Business Machines Corporation","IBM","Information Technology","IT Consulting & Other Services"
"Advanced Micro Devices Inc.","AMD","Information Technology","Semiconductors"
"American Tower Corporation","AMT","Real Estate","Specialized REITs"
"Boeing Company","BA","Industrials","Aerospace & Defense"
"Raytheon Technologies Corporation","RTX","Industrials","Aerospace & Defense"
"BlackRock Inc.","BLK","Financials","Asset Management & Custody Banks"
"3M Company","MMM","Industrials","Industrial Conglomerates"
"Caterpillar Inc.","CAT","Industrials","Construction Machinery & Heavy Trucks"
"Intuit Inc.","INTU","Information Technology","Application Software"
"Morgan Stanley","MS","Financials","Investment Banking & Brokerage"
"Goldman Sachs Group Inc.","GS","Financials","Investment Banking & Brokerage"
"General Electric Company","GE","Industrials","Industrial Conglomerates"
"CVS Health Corporation","CVS","Health Care","Health Care Services"
"Applied Materials Inc.","AMAT","Information Technology","Semiconductor Equipment"
"Target Corporation","TGT","Consumer Discretionary","General Merchandise Stores"
"Deere & Company","DE","Industrials","Agricultural & Farm Machinery"
"Micron Technology Inc.","MU","Information Technology","Semiconductors"
"Intuitive Surgical Inc.","ISRG","Health Care","Health Care Equipment"
"Charter Communications Inc. Class A","CHTR","Communication Services","Cable & Satellite"
"Gilead Sciences Inc.","GILD","Health Care","Biotechnology"
"Booking Holdings Inc.","BKNG","Consumer Discretionary","Internet & Direct Marketing Retail"
"Fidelity National Information Services Inc.","FIS","Information Technology","Data Processing & Outsourced Services"
"Lockheed Martin Corporation","LMT","Industrials","Aerospace & Defense"
"Charles Schwab Corporation","SCHW","Financials","Investment Banking & Brokerage"
"Mondelez International Inc. Class A","MDLZ","Consumer Staples","Packaged Foods & Meats"
"Cigna Corporation","CI","Health Care","Managed Health Care"
"Prologis Inc.","PLD","Real Estate","Industrial REITs"
"S&P Global Inc.","SPGI","Financials","Financial Exchanges & Data"
"TJX Companies Inc","TJX","Consumer Discretionary","Apparel Retail"
"American Express Company","AXP","Financials","Consumer Finance"
"Becton Dickinson and Company","BDX","Health Care","Health Care Equipment"
"Altria Group Inc","MO","Consumer Staples","Tobacco"
"T-Mobile US Inc.","TMUS","Communication Services","Wireless Telecommunication Services"
"Stryker Corporation","SYK","Health Care","Health Care Equipment"
"Zoetis Inc. Class A","ZTS","Health Care","Pharmaceuticals"
"Anthem Inc.","ANTM","Health Care","Managed Health Care"
"Lam Research Corporation","LRCX","Information Technology","Semiconductor Equipment"
"Automatic Data Processing Inc.","ADP","Information Technology","Internet Services & Infrastructure"
"Crown Castle International Corp","CCI","Real Estate","Specialized REITs"
"Activision Blizzard Inc.","ATVI","Communication Services","Interactive Home Entertainment"
"Duke Energy Corporation","DUK","Utilities","Electric Utilities"
"Equinix Inc.","EQIX","Real Estate","Specialized REITs"
"Colgate-Palmolive Company","CL","Consumer Staples","Household Products"
"CME Group Inc. Class A","CME","Financials","Financial Exchanges & Data"
"Chubb Limited","CB","Financials","Property & Casualty Insurance"
"CSX Corporation","CSX","Industrials","Railroads"
"Truist Financial Corporation","TFC","Financials","Regional Banks"
"General Motors Company","GM","Consumer Discretionary","Automobile Manufacturers"
"Illumina Inc.","ILMN","Health Care","Life Sciences Tools & Services"
"Intercontinental Exchange Inc.","ICE","Financials","Financial Exchanges & Data"
"Autodesk Inc.","ADSK","Information Technology","Application Software"
"Southern Company","SO","Utilities","Electric Utilities"
"PNC Financial Services Group Inc.","PNC","Financials","Regional Banks"
"Fiserv Inc.","FISV","Information Technology","Data Processing & Outsourced Services"
"Norfolk Southern Corporation","NSC","Industrials","Railroads"
"Vertex Pharmaceuticals Incorporated","VRTX","Health Care","Biotechnology"
"Air Products and Chemicals Inc.","APD","Materials","Industrial Gases"
"Dominion Energy Inc","D","Utilities","Electric Utilities"
"U.S. Bancorp","USB","Financials","Diversified Banks"
"FedEx Corporation","FDX","Industrials","Air Freight & Logistics"
"Sherwin-Williams Company","SHW","Materials","Specialty Chemicals"
"Illinois Tool Works Inc.","ITW","Industrials","Industrial Machinery"
"Analog Devices Inc.","ADI","Information Technology","Semiconductors"
"Marsh & McLennan Companies Inc.","MMC","Financials","Insurance Brokers"
"ConocoPhillips","COP","Energy","Oil & Gas Exploration & Production"
"Estee Lauder Companies Inc. Class A","EL","Consumer Staples","Personal Products"
"Global Payments Inc.","GPN","Information Technology","Data Processing & Outsourced Services"
"DuPont de Nemours Inc.","DD","Materials","Specialty Chemicals"
"Regeneron Pharmaceuticals Inc.","REGN","Health Care","Biotechnology"
"Ecolab Inc.","ECL","Materials","Specialty Chemicals"
"Boston Scientific Corporation","BSX","Health Care","Health Care Equipment"
"Edwards Lifesciences Corporation","EW","Health Care","Health Care Equipment"
"Progressive Corporation","PGR","Financials","Property & Casualty Insurance"
"Humana Inc.","HUM","Health Care","Managed Health Care"
"Eaton Corp. Plc","ETN","Industrials","Electrical Components & Equipment"
"Emerson Electric Co.","EMR","Industrials","Electrical Components & Equipment"
"Newmont Corporation","NEM","Materials","Gold"
"Aon Plc Class A","AON","Financials","Insurance Brokers"
"Dollar General Corporation","DG","Consumer Discretionary","General Merchandise Stores"
"Capital One Financial Corporation","COF","Financials","Consumer Finance"
"Northrop Grumman Corporation","NOC","Industrials","Aerospace & Defense"
"Kimberly-Clark Corporation","KMB","Consumer Staples","Household Products"
"KLA Corporation","KLAC","Information Technology","Semiconductor Equipment"
"HCA Healthcare Inc","HCA","Health Care","Health Care Facilities"
"Moody's Corporation","MCO","Financials","Financial Exchanges & Data"
"Waste Management Inc.","WM","Industrials","Environmental & Facilities Services"
"Biogen Inc.","BIIB","Health Care","Biotechnology"
"Ford Motor Company","F","Consumer Discretionary","Automobile Manufacturers"
"Electronic Arts Inc.","EA","Communication Services","Interactive Home Entertainment"
"Chipotle Mexican Grill Inc.","CMG","Consumer Discretionary","Restaurants"
"Cognizant Technology Solutions Corporation Class A","CTSH","Information Technology","IT Consulting & Other Services"
"IDEXX Laboratories Inc.","IDXX","Health Care","Health Care Equipment"
"Twitter Inc.","TWTR","Communication Services","Interactive Media & Services"
"Digital Realty Trust Inc.","DLR","Real Estate","Specialized REITs"
"TE Connectivity Ltd.","TEL","Information Technology","Electronic Manufacturing Services"
"Exelon Corporation","EXC","Utilities","Multi-Utilities"
"Roper Technologies Inc.","ROP","Industrials","Industrial Conglomerates"
"Freeport-McMoRan Inc.","FCX","Materials","Copper"
"American Electric Power Company Inc.","AEP","Utilities","Electric Utilities"
"Synopsys Inc.","SNPS","Information Technology","Application Software"
"Ross Stores Inc.","ROST","Consumer Discretionary","Apparel Retail"
"Dow Inc.","DOW","Materials","Commodity Chemicals"
"Baxter International Inc.","BAX","Health Care","Health Care Equipment"
"Align Technology Inc.","ALGN","Health Care","Health Care Supplies"
"eBay Inc.","EBAY","Consumer Discretionary","Internet & Direct Marketing Retail"
"Amphenol Corporation Class A","APH","Information Technology","Electronic Components"
"Cadence Design Systems Inc.","CDNS","Information Technology","Application Software"
"Aptiv PLC","APTV","Consumer Discretionary","Auto Parts & Equipment"
"MetLife Inc.","MET","Financials","Life & Health Insurance"
"Microchip Technology Incorporated","MCHP","Information Technology","Semiconductors"
"Agilent Technologies Inc.","A","Health Care","Health Care Equipment"
"Johnson Controls International plc","JCI","Industrials","Building Products"
"DexCom Inc.","DXCM","Health Care","Health Care Equipment"
"Constellation Brands Inc. Class A","STZ","Consumer Staples","Distillers & Vintners"
"L3Harris Technologies Inc","LHX","Industrials","Aerospace & Defense"
"Sysco Corporation","SYY","Consumer Staples","Food Distributors"
"Sempra Energy","SRE","Utilities","Multi-Utilities"
"Public Storage","PSA","Real Estate","Specialized REITs"
"T. Rowe Price Group","TROW","Financials","Asset Management & Custody Banks"
"General Mills Inc.","GIS","Consumer Staples","Packaged Foods & Meats"
"Walgreens Boots Alliance Inc","WBA","Consumer Staples","Drug Retail"
"Travelers Companies Inc.","TRV","Financials","Property & Casualty Insurance"
"IQVIA Holdings Inc","IQV","Health Care","Life Sciences Tools & Services"
"Parker-Hannifin Corporation","PH","Industrials","Industrial Machinery"
"Centene Corporation","CNC","Health Care","Managed Health Care"
"MSCI Inc. Class A","MSCI","Financials","Financial Exchanges & Data"
"Cummins Inc.","CMI","Industrials","Industrial Machinery"
"General Dynamics Corporation","GD","Industrials","Aerospace & Defense"
"Trane Technologies plc","TT","Industrials","Building Products"
"Alexion Pharmaceuticals Inc.","ALXN","Health Care","Biotechnology"
"HP Inc.","HPQ","Information Technology","Technology Hardware, Storage & Peripherals"
"Xcel Energy Inc.","XEL","Utilities","Multi-Utilities"
"Xilinx Inc.","XLNX","Information Technology","Semiconductors"
"Allstate Corporation","ALL","Financials","Property & Casualty Insurance"
"Bank of New York Mellon Corporation","BK","Financials","Asset Management & Custody Banks"
"IHS Markit Ltd.","INFO","Industrials","Research & Consulting Services"
"PPG Industries Inc.","PPG","Materials","Specialty Chemicals"
"Monster Beverage Corporation","MNST","Consumer Staples","Soft Drinks"
"American International Group Inc.","AIG","Financials","Property & Casualty Insurance"
"Zimmer Biomet Holdings Inc.","ZBH","Health Care","Health Care Equipment"
"O'Reilly Automotive Inc.","ORLY","Consumer Discretionary","Specialty Stores"
"ANSYS Inc.","ANSS","Information Technology","Application Software"
"PACCAR Inc","PCAR","Industrials","Construction Machinery & Heavy Trucks"
"Carrier Global Corp.","CARR","Industrials","Building Products"
"Marriott International Inc. Class A","MAR","Consumer Discretionary","Hotels, Resorts & Cruise Lines"
"Prudential Financial Inc.","PRU","Financials","Life & Health Insurance"
"Yum! Brands Inc.","YUM","Consumer Discretionary","Restaurants"
"TransDigm Group Incorporated","TDG","Industrials","Aerospace & Defense"
"SBA Communications Corp. Class A","SBAC","Real Estate","Specialized REITs"
"Skyworks Solutions Inc.","SWKS","Information Technology","Semiconductors"
"Schlumberger NV","SLB","Energy","Oil & Gas Equipment & Services"
"Simon Property Group Inc.","SPG","Real Estate","Retail REITs"
"Corteva Inc","CTVA","Materials","Fertilizers & Agricultural Chemicals"
"Verisk Analytics Inc","VRSK","Industrials","Research & Consulting Services"
"Eversource Energy","ES","Utilities","Multi-Utilities"
"EOG Resources Inc.","EOG","Energy","Oil & Gas Exploration & Production"
"Aflac Incorporated","AFL","Financials","Life & Health Insurance"
"Motorola Solutions Inc.","MSI","Information Technology","Communications Equipment"
"ViacomCBS Inc. Class B","VIAC","Communication Services","Movies & Entertainment"
"Phillips 66","PSX","Energy","Oil & Gas Refining & Marketing"
"ResMed Inc.","RMD","Health Care","Health Care Equipment"
"American Water Works Company Inc.","AWK","Utilities","Water Utilities"
"Ball Corporation","BLL","Materials","Metal & Glass Containers"
"Public Service Enterprise Group Inc","PEG","Utilities","Electric Utilities"
"McKesson Corporation","MCK","Health Care","Health Care Distributors"
"Rockwell Automation Inc.","ROK","Industrials","Electrical Components & Equipment"
"Cintas Corporation","CTAS","Industrials","Diversified Support Services"
"Paychex Inc.","PAYX","Information Technology","Data Processing & Outsourced Services"
"Hilton Worldwide Holdings Inc","HLT","Consumer Discretionary","Hotels, Resorts & Cruise Lines"
"Marathon Petroleum Corporation","MPC","Energy","Oil & Gas Refining & Marketing"
"Mettler-Toledo International Inc.","MTD","Health Care","Life Sciences Tools & Services"
"Archer-Daniels-Midland Company","ADM","Consumer Staples","Agricultural Products"
"WEC Energy Group Inc","WEC","Utilities","Electric Utilities"
"Stanley Black & Decker Inc.","SWK","Industrials","Industrial Machinery"
"Corning Inc","GLW","Information Technology","Electronic Components"
"Kinder Morgan Inc Class P","KMI","Energy","Oil & Gas Storage & Transportation"
"AutoZone Inc.","AZO","Consumer Discretionary","Specialty Stores"
"Willis Towers Watson Public Limited Company","WLTW","Financials","Insurance Brokers"
"Fastenal Company","FAST","Industrials","Building Products"
"Clorox Company","CLX","Consumer Staples","Household Products"
"Keysight Technologies Inc","KEYS","Information Technology","Electronic Equipment & Instruments"
"Southwest Airlines Co.","LUV","Industrials","Airlines"
"AMETEK Inc.","AME","Industrials","Electrical Components & Equipment"
"Otis Worldwide Corporation","OTIS","Industrials","Industrial Machinery"
"Kroger Co.","KR","Consumer Staples","Food Retail"
"Welltower Inc.","WELL","Real Estate","Health Care REITs"
"Williams Companies Inc.","WMB","Energy","Oil & Gas Storage & Transportation"
"D.R. Horton Inc.","DHI","Consumer Discretionary","Homebuilding"
"First Republic Bank","FRC","Financials","Regional Banks"
"Etsy Inc.","ETSY","Consumer Discretionary","Internet & Direct Marketing Retail"
"Discover Financial Services","DFS","Financials","Consumer Finance"
"V.F. Corporation","VFC","Consumer Discretionary","Apparel, Accessories & Luxury Goods"
"Best Buy Co. Inc.","BBY","Consumer Discretionary","Computer & Electronics Retail"
"State Street Corporation","STT","Financials","Asset Management & Custody Banks"
"Cerner Corporation","CERN","Health Care","Health Care Technology"
"Pioneer Natural Resources Company","PXD","Energy","Oil & Gas Exploration & Production"
"Maxim Integrated Products Inc.","MXIM","Information Technology","Semiconductors"
"Consolidated Edison Inc.","ED","Utilities","Electric Utilities"
"Delta Air Lines Inc.","DAL","Industrials","Airlines"
"Weyerhaeuser Company","WY","Real Estate","Specialized REITs"
"Dollar Tree Inc.","DLTR","Consumer Discretionary","General Merchandise Stores"
"Ameriprise Financial Inc.","AMP","Financials","Asset Management & Custody Banks"
"SVB Financial Group","SIVB","Financials","Regional Banks"
"Enphase Energy Inc.","ENPH","Utilities","Renewable electricity"
"Lennar Corporation Class A","LEN","Consumer Discretionary","Homebuilding"
"DTE Energy Company","DTE","Utilities","Multi-Utilities"
"Take-Two Interactive Software Inc.","TTWO","Communication Services","Interactive Home Entertainment"
"AvalonBay Communities Inc.","AVB","Real Estate","Residential REITs"
"Copart Inc.","CPRT","Industrials","Diversified Support Services"
"Valero Energy Corporation","VLO","Energy","Oil & Gas Refining & Marketing"
"Laboratory Corporation of America Holdings","LH","Health Care","Health Care Services"
"Fortive Corp.","FTV","Industrials","Industrial Machinery"
"LyondellBasell Industries NV","LYB","Materials","Specialty Chemicals"
"McCormick & Company Incorporated","MKC","Consumer Staples","Packaged Foods & Meats"
"Arthur J. Gallagher & Co.","AJG","Financials","Insurance Brokers"
"West Pharmaceutical Services Inc.","WST","Health Care","Health Care Supplies"
"Edison International","EIX","Utilities","Electric Utilities"
"Equifax Inc.","EFX","Industrials","Research & Consulting Services"
"MarketAxess Holdings Inc.","MKTX","Financials","Financial Exchanges & Data"
"Kraft Heinz Company","KHC","Consumer Staples","Packaged Foods & Meats"
"PPL Corporation","PPL","Utilities","Electric Utilities"
"Hershey Company","HSY","Consumer Staples","Packaged Foods & Meats"
"CBRE Group Inc. Class A","CBRE","Real Estate","Real Estate Services"
"Equity Residential","EQR","Real Estate","Residential REITs"
"Hologic Inc.","HOLX","Health Care","Health Care Equipment"
"Zebra Technologies Corporation Class A","ZBRA","Information Technology","Electronic Equipment & Instruments"
"Realty Income Corporation","O","Real Estate","Retail REITs"
"Viatris Inc.","VTRS","Health Care","Pharmaceuticals"
"Fifth Third Bancorp","FITB","Financials","Regional Banks"
"Qorvo Inc.","QRVO","Information Technology","Semiconductors"
"Church & Dwight Co. Inc.","CHD","Consumer Staples","Household Products"
"FLEETCOR Technologies Inc.","FLT","Information Technology","Data Processing & Outsourced Services"
"Alexandria Real Estate Equities Inc.","ARE","Real Estate","Office REITs"
"Vulcan Materials Company","VMC","Materials","Construction Materials"
"Fortinet Inc.","FTNT","Information Technology","Systems Software"
"VeriSign Inc.","VRSN","Information Technology","Internet Services & Infrastructure"
"CDW Corp.","CDW","Information Technology","Technology Distributors"
"International Paper Company","IP","Materials","Paper Packaging"
"Teradyne Inc.","TER","Information Technology","Semiconductor Equipment"
"Paycom Software Inc.","PAYC","Information Technology","Application Software"
"Catalent Inc","CTLT","Health Care","Health Care Supplies"
"Kansas City Southern","KSU","Industrials","Railroads"
"CarMax Inc.","KMX","Consumer Discretionary","Specialty Stores"
"Old Dominion Freight Line Inc.","ODFL","Industrials","Trucking"
"Republic Services Inc.","RSG","Industrials","Environmental & Facilities Services"
"Entergy Corporation","ETR","Utilities","Electric Utilities"
"Tyson Foods Inc. Class A","TSN","Consumer Staples","Packaged Foods & Meats"
"Northern Trust Corporation","NTRS","Financials","Asset Management & Custody Banks"
"Synchrony Financial","SYF","Financials","Consumer Finance"
"Martin Marietta Materials Inc.","MLM","Materials","Construction Materials"
"United Rentals Inc.","URI","Industrials","Trading Companies & Distributors"
"Akamai Technologies Inc.","AKAM","Information Technology","Internet Services & Infrastructure"
"Ameren Corporation","AEE","Utilities","Multi-Utilities"
"Quest Diagnostics Incorporated","DGX","Health Care","Health Care Services"
"Cooper Companies Inc.","COO","Health Care","Health Care Supplies"
"Ventas Inc.","VTR","Real Estate","Health Care REITs"
"ONEOK Inc.","OKE","Energy","Oil & Gas Storage & Transportation"
"Albemarle Corporation","ALB","Materials","Specialty Chemicals"
"Teleflex Incorporated","TFX","Health Care","Health Care Equipment"
"Xylem Inc.","XYL","Industrials","Industrial Machinery"
"Western Digital Corporation","WDC","Information Technology","Technology Hardware, Storage & Peripherals"
"Garmin Ltd.","GRMN","Consumer Discretionary","Consumer Electronics"
"Hartford Financial Services Group Inc.","HIG","Financials","Property & Casualty Insurance"
"Expedia Group Inc.","EXPE","Consumer Discretionary","Internet & Direct Marketing Retail"
"Arista Networks Inc.","ANET","Information Technology","Communications Equipment"
"Tyler Technologies Inc.","TYL","Information Technology","Systems Software"
"Occidental Petroleum Corporation","OXY","Energy","Oil & Gas Exploration & Production"
"Amcor PLC","AMCR","Materials","Paper Packaging"
"Trimble Inc.","TRMB","Information Technology","Technology Hardware, Storage & Peripherals"
"M&T Bank Corporation","MTB","Financials","Regional Banks"
"PerkinElmer Inc.","PKI","Health Care","Health Care Equipment"
"Dover Corporation","DOV","Industrials","Industrial Machinery"
"Incyte Corporation","INCY","Health Care","Biotechnology"
"FirstEnergy Corp.","FE","Utilities","Electric Utilities"
"Broadridge Financial Solutions Inc.","BR","Information Technology","Data Processing & Outsourced Services"
"KeyCorp","KEY","Financials","Regional Banks"
"Conagra Brands Inc.","CAG","Consumer Staples","Packaged Foods & Meats"
"W.W. Grainger Inc.","GWW","Industrials","Industrial Machinery"
"Waters Corporation","WAT","Health Care","Health Care Distributors"
"Regions Financial Corporation","RF","Financials","Regional Banks"
"AES Corporation","AES","Utilities","Independent Power Producers & Energy Traders"
"CMS Energy Corporation","CMS","Utilities","Multi-Utilities"
"Healthpeak Properties Inc.","PEAK","Real Estate","Health Care REITs"
"Citrix Systems Inc.","CTXS","Information Technology","Application Software"
"Tractor Supply Company","TSCO","Consumer Discretionary","Specialty Stores"
"Las Vegas Sands Corp.","LVS","Consumer Discretionary","Casinos & Gaming"
"Cardinal Health Inc.","CAH","Health Care","Health Care Distributors"
"Hewlett Packard Enterprise Co.","HPE","Information Technology","Technology Hardware, Storage & Peripherals"
"Nasdaq Inc.","NDAQ","Financials","Financial Exchanges & Data"
"STERIS Plc","STE","Health Care","Health Care Equipment"
"Ulta Beauty Inc","ULTA","Consumer Discretionary","Specialty Stores"
"Citizens Financial Group Inc.","CFG","Financials","Regional Banks"
"NVR Inc.","NVR","Consumer Discretionary","Homebuilding"
"Ingersoll Rand Inc.","IR","Industrials","Industrial Machinery"
"Essex Property Trust Inc.","ESS","Real Estate","Residential REITs"
"Halliburton Company","HAL","Energy","Oil & Gas Equipment & Services"
"AmerisourceBergen Corporation","ABC","Health Care","Health Care Distributors"
"Darden Restaurants Inc.","DRI","Consumer Discretionary","Restaurants"
"ABIOMED Inc.","ABMD","Health Care","Health Care Equipment"
"Mid-America Apartment Communities Inc.","MAA","Real Estate","Residential REITs"
"Expeditors International of Washington Inc.","EXPD","Industrials","Air Freight & Logistics"
"Duke Realty Corporation","DRE","Real Estate","Industrial REITs"
"Extra Space Storage Inc.","EXR","Real Estate","Specialized REITs"
"Kellogg Company","K","Consumer Staples","Packaged Foods & Meats"
"Seagate Technology PLC","STX","Information Technology","Technology Hardware, Storage & Peripherals"
"Hess Corporation","HES","Energy","Integrated Oil & Gas"
"Nucor Corporation","NUE","Materials","Steel"
"NetApp Inc.","NTAP","Information Technology","Technology Hardware, Storage & Peripherals"
"Domino's Pizza Inc.","DPZ","Consumer Discretionary","Restaurants"
"Pool Corporation","POOL","Consumer Discretionary","Leisure Products"
"Masco Corporation","MAS","Industrials","Building Products"
"Celanese Corporation","CE","Materials","Specialty Chemicals"
"IDEX Corporation","IEX","Industrials","Industrial Machinery"
"FMC Corporation","FMC","Materials","Fertilizers & Agricultural Chemicals"
"Leidos Holdings Inc.","LDOS","Information Technology","IT Consulting & Other Services"
"Carnival Corporation","CCL","Consumer Discretionary","Hotels, Resorts & Cruise Lines"
"Teledyne Technologies Incorporated","TDY","Industrials","Aerospace & Defense"
"Gartner Inc.","IT","Information Technology","IT Consulting & Other Services"
"Genuine Parts Company","GPC","Consumer Discretionary","Specialty Stores"
"Baker Hughes Company Class A","BKR","Energy","Oil & Gas Equipment & Services"
"Westinghouse Air Brake Technologies Corporation","WAB","Industrials","Construction Machinery & Heavy Trucks"
"Eastman Chemical Company","EMN","Materials","Diversified Chemicals"
"Omnicom Group Inc","OMC","Communication Services","Advertising"
"Huntington Bancshares Incorporated","HBAN","Financials","Regional Banks"
"Jacobs Engineering Group Inc.","J","Industrials","Construction & Engineering"
"Hormel Foods Corporation","HRL","Consumer Staples","Packaged Foods & Meats"
"Brown-Forman Corporation Class B","BF.B","Consumer Staples","Distillers & Vintners"
"J.M. Smucker Company","SJM","Consumer Staples","Packaged Foods & Meats"
"Cincinnati Financial Corporation","CINF","Financials","Property & Casualty Insurance"
"Principal Financial Group Inc.","PFG","Financials","Life & Health Insurance"
"Boston Properties Inc.","BXP","Real Estate","Office REITs"
"Avery Dennison Corporation","AVY","Materials","Paper Packaging"
"Packaging Corporation of America","PKG","Materials","Paper Packaging"
"Bio-Rad Laboratories Inc. Class A","BIO","Health Care","Health Care Equipment"
"NortonLifeLock Inc.","NLOK","Information Technology","Application Software"
"Raymond James Financial Inc.","RJF","Financials","Investment Banking & Brokerage"
"Fortune Brands Home & Security Inc.","FBHS","Industrials","Building Products"
"Alliant Energy Corp","LNT","Utilities","Electric Utilities"
"Evergy Inc.","EVRG","Utilities","Electric Utilities"
"Royal Caribbean Group","RCL","Consumer Discretionary","Hotels, Resorts & Cruise Lines"
"F5 Networks Inc.","FFIV","Information Technology","Communications Equipment"
"Hasbro Inc.","HAS","Consumer Discretionary","Leisure Products"
"PulteGroup Inc.","PHM","Consumer Discretionary","Homebuilding"
"MGM Resorts International","MGM","Consumer Discretionary","Casinos & Gaming"
"DENTSPLY SIRONA Inc.","XRAY","Health Care","Health Care Supplies"
"C.H. Robinson Worldwide Inc.","CHRW","Industrials","Air Freight & Logistics"
"United Airlines Holdings Inc.","UAL","Industrials","Airlines"
"Whirlpool Corporation","WHR","Consumer Discretionary","Household Appliances"
"Lumen Technologies Inc.","LUMN","Communication Services","Integrated Telecommunication Services"
"CenterPoint Energy Inc.","CNP","Utilities","Multi-Utilities"
"J.B. Hunt Transport Services Inc.","JBHT","Industrials","Trucking"
"UDR Inc.","UDR","Real Estate","Residential REITs"
"Jack Henry & Associates Inc.","JKHY","Information Technology","Data Processing & Outsourced Services"
"Atmos Energy Corporation","ATO","Utilities","Gas Utilities"
"Lamb Weston Holdings Inc.","LW","Consumer Staples","Packaged Foods & Meats"
"WestRock Company","WRK","Industrials","Paper Packaging"
"Fox Corporation Class A","FOXA","Communication Services","Movies & Entertainment"
"Loews Corporation","L","Financials","Multi-line Insurance"
"Textron Inc.","TXT","Industrials","Aerospace & Defense"
"NRG Energy Inc.","NRG","Utilities","Independent Power Producers & Energy Traders"
"BorgWarner Inc.","BWA","Consumer Discretionary","Auto Parts & Equipment"
"American Airlines Group Inc.","AAL","Industrials","Airlines"
"Cboe Global Markets Inc","CBOE","Financials","Financial Exchanges & Data"
"Advance Auto Parts Inc.","AAP","Consumer Discretionary","Automotive Retail"
"Allegion PLC","ALLE","Industrials","Building Products"
"Quanta Services Inc.","PWR","Industrials","Construction & Engineering"
"LKQ Corporation","LKQ","Consumer Discretionary","Distributors"
"Snap-on Incorporated","SNA","Industrials","Industrial Machinery"
"Universal Health Services Inc. Class B","UHS","Health Care","Health Care Facilities"
"Devon Energy Corporation","DVN","Energy","Oil & Gas Exploration & Production"
"Wynn Resorts Limited","WYNN","Consumer Discretionary","Casinos & Gaming"
"L Brands Inc.","LB","Consumer Discretionary","Apparel Retail"
"Howmet Aerospace Inc.","HWM","Industrials","Aerospace & Defense"
"Campbell Soup Company","CPB","Consumer Staples","Packaged Foods & Meats"
"Interpublic Group of Companies Inc.","IPG","Communication Services","Advertising"
"Live Nation Entertainment Inc.","LYV","Communication Services","Movies & Entertainment"
"Iron Mountain Inc.","IRM","Real Estate","Specialized REITs"
"Henry Schein Inc.","HSIC","Health Care","Health Care Distributors"
"Host Hotels & Resorts Inc.","HST","Real Estate","Hotel & Resort REITs"
"Molson Coors Beverage Company Class B","TAP","Consumer Staples","Brewers"
"Western Union Company","WU","Information Technology","Data Processing & Outsourced Services"
"Mosaic Company","MOS","Materials","Fertilizers & Agricultural Chemicals"
"Newell Brands Inc","NWL","Consumer Discretionary","Housewares & Specialties"
"CF Industries Holdings Inc.","CF","Materials","Fertilizers & Agricultural Chemicals"
"Diamondback Energy Inc.","FANG","Energy","Oil & Gas Exploration & Production"
"Pentair plc","PNR","Industrials","Industrial Machinery"
"W. R. Berkley Corporation","WRB","Financials","Property & Casualty Insurance"
"Tapestry Inc.","TPR","Consumer Discretionary","Apparel, Accessories & Luxury Goods"
"Globe Life Inc.","GL","Financials","Life & Health Insurance"
"DaVita Inc.","DVA","Health Care","Health Care Facilities"
"Mohawk Industries Inc.","MHK","Consumer Discretionary","Home Furnishings"
"Pinnacle West Capital Corporation","PNW","Utilities","Multi-Utilities"
"NiSource Inc","NI","Utilities","Multi-Utilities"
"Everest Re Group Ltd.","RE","Financials","Reinsurance"
"Lincoln National Corporation","LNC","Financials","Multi-line Insurance"
"IPG Photonics Corporation","IPGP","Information Technology","Electronic Manufacturing Services"
"Juniper Networks Inc.","JNPR","Information Technology","Communications Equipment"
"Nielsen Holdings Plc","NLSN","Industrials","Research & Consulting Services"
"Comerica Incorporated","CMA","Financials","Diversified Banks"
"Invesco Ltd.","IVZ","Financials","Asset Management & Custody Banks"
"Rollins Inc.","ROL","Industrials","Environmental & Facilities Services"
"Assurant Inc.","AIZ","Financials","Multi-line Insurance"
"Robert Half International Inc.","RHI","Industrials","Human Resource & Employment Services"
"A. O. Smith Corporation","AOS","Industrials","Building Products"
"News Corporation Class A","NWSA","Communication Services","Publishing"
"Cabot Oil & Gas Corporation","COG","Energy","Oil & Gas Exploration & Production"
"Regency Centers Corporation","REG","Real Estate","Retail REITs"
"Zions Bancorporation N.A.","ZION","Financials","Regional Banks"
"DISH Network Corporation Class A","DISH","Communication Services","Cable & Satellite"
"Franklin Resources Inc.","BEN","Financials","Asset Management & Custody Banks"
"Kimco Realty Corporation","KIM","Real Estate","Retail REITs"
"Norwegian Cruise Line Holdings Ltd.","NCLH","Consumer Discretionary","Hotels, Resorts & Cruise Lines"
"FLIR Systems Inc.","FLIR","Information Technology","Electronic Equipment & Instruments"
"Discovery Inc. Class A","DISCA","Communication Services","Broadcasting"
"Sealed Air Corporation","SEE","Materials","Paper Packaging"
"DXC Technology Co.","DXC","Information Technology","IT Consulting & Other Services"
"Huntington Ingalls Industries Inc.","HII","Industrials","Aerospace & Defense"
"Alaska Air Group Inc.","ALK","Industrials","Airlines"
"Vornado Realty Trust","VNO","Real Estate","Office REITs"
"Federal Realty Investment Trust","FRT","Real Estate","Retail REITs"
"Perrigo Co. Plc","PRGO","Health Care","Pharmaceuticals"
"PVH Corp.","PVH","Consumer Discretionary","Apparel, Accessories & Luxury Goods"
"People's United Financial Inc.","PBCT","Financials","Thrifts & Mortgage Finance"
"Marathon Oil Corporation","MRO","Energy","Oil & Gas Exploration & Production"
"Apache Corporation","APA","Energy","Oil & Gas Exploration & Production"
"Leggett & Platt Incorporated","LEG","Consumer Discretionary","Home Furnishings"
"Hanesbrands Inc.","HBI","Consumer Discretionary","Apparel, Accessories & Luxury Goods"
"Ralph Lauren Corporation Class A","RL","Consumer Discretionary","Apparel, Accessories & Luxury Goods"
"NOV Inc.","NOV","Energy","Oil & Gas Equipment & Services"
"Unum Group","UNM","Financials","Life & Health Insurance"
"SL Green Realty Corp.","SLG","Real Estate","Office REITs"
"Flowserve Corporation","FLS","Industrials","Industrial Machinery"
"TechnipFMC Plc","FTI","Energy","Oil & Gas Equipment & Services"
"Vontier Corp","VNT","Information Technology","Electronic Equipment & Instruments"
"HollyFrontier Corporation","HFC","Energy","Oil & Gas Refining & Marketing"
"Gap Inc.","GPS","Consumer Discretionary","Apparel Retail"
"Xerox Holdings Corporation","XRX","Information Technology","Technology Hardware, Storage & Peripherals"
"Under Armour Inc. Class A","UAA","Consumer Discretionary","Apparel, Accessories & Luxury Goods"
